{ "label": "FiocruzNetwork", "nodes": [   {  "id": "0099860141022736",   "label": "1", "properties": { "name": "Sílvia Maria Ferreira Guimarães"} }, {  "id": "0205473778329094",   "label": "2", "properties": { "name": "Christine de Alencar Chaves"} }, {  "id": "0405000888325357",   "label": "3", "properties": { "name": "Marcela Stockler Coelho de Souza"} }, {  "id": "0712338026370509",   "label": "4", "properties": { "name": "Cristina Patriota de Moura"} }, {  "id": "0854801305953601",   "label": "5", "properties": { "name": "José Antonio Vieira Pimenta"} }, {  "id": "1706193123967139",   "label": "6", "properties": { "name": "Andrea de Souza Lobo"} }, {  "id": "2089135273264758",   "label": "7", "properties": { "name": "Jose Jorge de Carvalho"} }, {  "id": "2440057525269977",   "label": "8", "properties": { "name": "Wilson Trajano Filho"} }, {  "id": "2699955351343721",   "label": "9", "properties": { "name": "Antonádia Monteiro Borges"} }, {  "id": "2935371042756080",   "label": "10", "properties": { "name": "Luis Roberto Cardoso de Oliveira"} }, {  "id": "3401359819363735",   "label": "11", "properties": { "name": "Carlos Alexandre Barboza Plinio dos Santos"} }, {  "id": "3516912972107427",   "label": "12", "properties": { "name": "Luiz Eduardo de Lacerda Abreu"} }, {  "id": "4068903193779093",   "label": "13", "properties": { "name": "Daniel Schroeter Simião"} }, {  "id": "4158314696146985",   "label": "14", "properties": { "name": "Lia Zanotta Machado"} }, {  "id": "4854939558671572",   "label": "15", "properties": { "name": "Soraya Resende Fleischer"} }, {  "id": "5380440486115207",   "label": "16", "properties": { "name": "Henyo Trindade Barretto Filho"} }, {  "id": "5680510444189179",   "label": "17", "properties": { "name": "Ema Cláudia Ribeiro Pires"} }, {  "id": "6491817482510411",   "label": "18", "properties": { "name": "Luis Abraham Cayón Durán"} }, {  "id": "6580888917603247",   "label": "19", "properties": { "name": "Carlos Emanuel Sautchuk"} }, {  "id": "7171052616253604",   "label": "20", "properties": { "name": "Stephen Grant Baines"} }, {  "id": "9053593895999276",   "label": "21", "properties": { "name": "Kelly Cristiane da Silva"} }, {  "id": "9073274927378422",   "label": "22", "properties": { "name": "João Miguel Manzolillo Sautchuk"} }, {  "id": "9642746607427163",   "label": "23", "properties": { "name": "Carla Costa Teixeira"} }, {  "id": "9770265249902187",   "label": "24", "properties": { "name": "Juliana Braz Dias"} }, {  "id": "9806862393456180",   "label": "25", "properties": { "name": "Guilherme José da Silva e Sá"} }, {  "id": "9868300931295612",   "label": "26", "properties": { "name": "Gustavo Lins Ribeiro"} } ], "links": [  { "source": "2440057525269977",   "target": "9642746607427163", "weigth": "1" }, { "source": "2440057525269977",   "target": "9770265249902187", "weigth": "1" }, { "source": "2699955351343721",   "target": "4854939558671572", "weigth": "1" }, { "source": "2935371042756080",   "target": "4068903193779093", "weigth": "1" }, { "source": "4068903193779093",   "target": "9053593895999276", "weigth": "3" }, { "source": "6580888917603247",   "target": "9073274927378422", "weigth": "1" } ] }