{ "label": "FiocruzNetwork", "nodes": [   {  "id": "0056976365794825",   "label": "1", "properties": { "name": "Andréia de Oliveira"} }, {  "id": "0377609914514215",   "label": "2", "properties": { "name": "Perci Coelho de Souza"} }, {  "id": "0657150213829126",   "label": "3", "properties": { "name": "Cristiano Guedes"} }, {  "id": "0737170964136460",   "label": "4", "properties": { "name": "Nair Heloisa Bicalho de Sousa"} }, {  "id": "1804546693473189",   "label": "5", "properties": { "name": "Sandra Oliveira Teixeira"} }, {  "id": "1885747732373667",   "label": "6", "properties": { "name": "Potyara Amazoneida Pereira Pereira"} }, {  "id": "2374643739754552",   "label": "7", "properties": { "name": "Lívia Barbosa Pereira"} }, {  "id": "2538174210879274",   "label": "8", "properties": { "name": "Ivanete Salete Boschetti"} }, {  "id": "2959399879607887",   "label": "9", "properties": { "name": "Silvia Cristina Yannoulas"} }, {  "id": "3865117791041119",   "label": "10", "properties": { "name": "Debora Diniz"} }, {  "id": "3972643622694043",   "label": "11", "properties": { "name": "Marlene Teixeira Rodrigues"} }, {  "id": "4381505269013896",   "label": "12", "properties": { "name": "Carlos Alberto Ferreira Lima"} }, {  "id": "4621637454405096",   "label": "13", "properties": { "name": "Camila Potyara Pereira"} }, {  "id": "5755545515133754",   "label": "14", "properties": { "name": "Newton Narciso Gomes Junior"} }, {  "id": "5779091231957858",   "label": "15", "properties": { "name": "Angela Vieira Neves"} }, {  "id": "6325940451709009",   "label": "16", "properties": { "name": "Denise Bomtempo Birche de Carvalho"} }, {  "id": "6985760672107950",   "label": "17", "properties": { "name": "Maria Lucia Lopes da Silva"} }, {  "id": "7482352636292335",   "label": "18", "properties": { "name": "Maria Lucia Pinto Leal"} }, {  "id": "8043417582597742",   "label": "19", "properties": { "name": "Reginaldo Guiraldelli"} }, {  "id": "9255679876512606",   "label": "20", "properties": { "name": "Evilasio da Silva Salvador"} }, {  "id": "9797011788271119",   "label": "21", "properties": { "name": "Rosa Helena Stein"} } ], "links": [  { "source": "0056976365794825",   "target": "8043417582597742", "weigth": "1" }, { "source": "1804546693473189",   "target": "9255679876512606", "weigth": "3" }, { "source": "1885747732373667",   "target": "4621637454405096", "weigth": "1" }, { "source": "2959399879607887",   "target": "9255679876512606", "weigth": "1" }, { "source": "4381505269013896",   "target": "7482352636292335", "weigth": "1" }, { "source": "6985760672107950",   "target": "9255679876512606", "weigth": "1" } ] }