{ "label": "FiocruzNetwork", "nodes": [   {  "id": "0192944139535494",   "label": "1", "properties": { "name": "Fernando Mascarenhas Alves"} }, {  "id": "0234157918498025",   "label": "2", "properties": { "name": "Ana Cristina de David"} }, {  "id": "0306729367229725",   "label": "3", "properties": { "name": "Rinaldo André Mezzarane"} }, {  "id": "0342907311451855",   "label": "4", "properties": { "name": "Aline Martins de Toledo"} }, {  "id": "0607321239794933",   "label": "5", "properties": { "name": "Paulo José Barbosa Gutierres Filho"} }, {  "id": "0704396555168876",   "label": "6", "properties": { "name": "Wagner Rodrigues Martins"} }, {  "id": "0726249826233532",   "label": "7", "properties": { "name": "Marisete Peralta Safons"} }, {  "id": "1385612484699042",   "label": "8", "properties": { "name": "Edson Marcelo Hungaro"} }, {  "id": "2035441455224809",   "label": "9", "properties": { "name": "Ari Lazzarotti Filho"} }, {  "id": "2616001571325447",   "label": "10", "properties": { "name": "Luiz Guilherme Grossi Porto"} }, {  "id": "2638841180115631",   "label": "11", "properties": { "name": "Rodrigo Luiz Carregaro"} }, {  "id": "2655981698975093",   "label": "12", "properties": { "name": "Amilton Vieira"} }, {  "id": "2749214070755005",   "label": "13", "properties": { "name": "Guilherme Eckhardt Molina"} }, {  "id": "3387305180640853",   "label": "14", "properties": { "name": "Gerson Cipriano Junior"} }, {  "id": "3961842810282657",   "label": "15", "properties": { "name": "Ingrid Dittrich Wiggers"} }, {  "id": "4100059268154953",   "label": "16", "properties": { "name": "Júlia Aparecida Devidé Nogueira"} }, {  "id": "5101193741332172",   "label": "17", "properties": { "name": "Felipe Rodrigues da Costa"} }, {  "id": "5303085462744425",   "label": "18", "properties": { "name": "Ricardo Moreno Lima"} }, {  "id": "6232631171916372",   "label": "19", "properties": { "name": "Ricardo Jaco de Oliveira"} }, {  "id": "6855246979033159",   "label": "20", "properties": { "name": "Dulce Maria Filgueira de Almeida"} }, {  "id": "7539895900034042",   "label": "21", "properties": { "name": "Pedro Fernando Avalone de Athayde"} }, {  "id": "8295870661549352",   "label": "22", "properties": { "name": "João Luiz Quagliotti Durigan"} }, {  "id": "8352652260448205",   "label": "23", "properties": { "name": "Martim Francisco Bottaro Marques"} }, {  "id": "8760145625809070",   "label": "24", "properties": { "name": "Jonatas Maia da Costa"} }, {  "id": "8850603018835560",   "label": "25", "properties": { "name": "Jake Carvalho do Carmo"} }, {  "id": "8907399765246809",   "label": "26", "properties": { "name": "Lídia Mara Aguiar Bezerra de Melo"} }, {  "id": "8938493818956438",   "label": "27", "properties": { "name": "Lauro Casqueiro Vianna"} }, {  "id": "9122582351005452",   "label": "28", "properties": { "name": "Leonardo Lamas Leandro Ribeiro"} } ], "links": [  { "source": "0192944139535494",   "target": "0234157918498025", "weigth": "1" }, { "source": "0192944139535494",   "target": "1385612484699042", "weigth": "4" }, { "source": "0192944139535494",   "target": "2035441455224809", "weigth": "6" }, { "source": "0192944139535494",   "target": "3961842810282657", "weigth": "1" }, { "source": "0192944139535494",   "target": "7539895900034042", "weigth": "10" }, { "source": "0192944139535494",   "target": "8352652260448205", "weigth": "1" }, { "source": "0192944139535494",   "target": "8760145625809070", "weigth": "1" }, { "source": "0234157918498025",   "target": "0726249826233532", "weigth": "1" }, { "source": "0234157918498025",   "target": "5303085462744425", "weigth": "2" }, { "source": "0234157918498025",   "target": "8352652260448205", "weigth": "2" }, { "source": "0306729367229725",   "target": "2638841180115631", "weigth": "1" }, { "source": "0306729367229725",   "target": "8352652260448205", "weigth": "1" }, { "source": "0342907311451855",   "target": "2638841180115631", "weigth": "26" }, { "source": "0607321239794933",   "target": "2638841180115631", "weigth": "1" }, { "source": "0607321239794933",   "target": "6232631171916372", "weigth": "1" }, { "source": "0704396555168876",   "target": "0726249826233532", "weigth": "2" }, { "source": "0704396555168876",   "target": "2616001571325447", "weigth": "1" }, { "source": "0704396555168876",   "target": "2638841180115631", "weigth": "1" }, { "source": "0704396555168876",   "target": "3387305180640853", "weigth": "2" }, { "source": "0704396555168876",   "target": "5303085462744425", "weigth": "2" }, { "source": "0704396555168876",   "target": "6232631171916372", "weigth": "10" }, { "source": "0704396555168876",   "target": "8295870661549352", "weigth": "2" }, { "source": "0704396555168876",   "target": "8352652260448205", "weigth": "2" }, { "source": "0704396555168876",   "target": "8850603018835560", "weigth": "1" }, { "source": "0726249826233532",   "target": "5303085462744425", "weigth": "4" }, { "source": "0726249826233532",   "target": "6232631171916372", "weigth": "4" }, { "source": "0726249826233532",   "target": "8352652260448205", "weigth": "2" }, { "source": "1385612484699042",   "target": "2035441455224809", "weigth": "1" }, { "source": "1385612484699042",   "target": "7539895900034042", "weigth": "5" }, { "source": "2616001571325447",   "target": "2749214070755005", "weigth": "40" }, { "source": "2616001571325447",   "target": "6232631171916372", "weigth": "1" }, { "source": "2616001571325447",   "target": "8907399765246809", "weigth": "1" }, { "source": "2638841180115631",   "target": "2655981698975093", "weigth": "2" }, { "source": "2638841180115631",   "target": "3387305180640853", "weigth": "1" }, { "source": "2638841180115631",   "target": "5303085462744425", "weigth": "4" }, { "source": "2638841180115631",   "target": "6232631171916372", "weigth": "3" }, { "source": "2638841180115631",   "target": "8295870661549352", "weigth": "3" }, { "source": "2638841180115631",   "target": "8352652260448205", "weigth": "16" }, { "source": "2638841180115631",   "target": "8850603018835560", "weigth": "3" }, { "source": "2655981698975093",   "target": "6232631171916372", "weigth": "1" }, { "source": "2655981698975093",   "target": "8295870661549352", "weigth": "10" }, { "source": "2655981698975093",   "target": "8352652260448205", "weigth": "13" }, { "source": "2655981698975093",   "target": "8850603018835560", "weigth": "2" }, { "source": "3387305180640853",   "target": "8295870661549352", "weigth": "4" }, { "source": "3387305180640853",   "target": "8352652260448205", "weigth": "4" }, { "source": "3961842810282657",   "target": "4100059268154953", "weigth": "1" }, { "source": "3961842810282657",   "target": "6855246979033159", "weigth": "4" }, { "source": "3961842810282657",   "target": "8760145625809070", "weigth": "3" }, { "source": "5303085462744425",   "target": "6232631171916372", "weigth": "19" }, { "source": "5303085462744425",   "target": "8295870661549352", "weigth": "1" }, { "source": "5303085462744425",   "target": "8352652260448205", "weigth": "8" }, { "source": "5303085462744425",   "target": "8907399765246809", "weigth": "5" }, { "source": "5303085462744425",   "target": "8938493818956438", "weigth": "3" }, { "source": "6232631171916372",   "target": "8352652260448205", "weigth": "9" }, { "source": "6232631171916372",   "target": "8907399765246809", "weigth": "7" }, { "source": "6232631171916372",   "target": "8938493818956438", "weigth": "1" }, { "source": "8295870661549352",   "target": "8352652260448205", "weigth": "5" }, { "source": "8295870661549352",   "target": "8850603018835560", "weigth": "1" }, { "source": "8352652260448205",   "target": "8850603018835560", "weigth": "6" }, { "source": "8352652260448205",   "target": "8907399765246809", "weigth": "3" }, { "source": "8352652260448205",   "target": "8938493818956438", "weigth": "1" } ] }