{ "label": "FiocruzNetwork", "nodes": [   {  "id": "0517271370281077",   "label": "1", "properties": { "name": "Vania Maria Moraes Ferreira"} }, {  "id": "0556918650312258",   "label": "2", "properties": { "name": "Jorge Mendes de Oliveira-Castro Neto"} }, {  "id": "0612547523125517",   "label": "3", "properties": { "name": "Elenice Seixas Hanna"} }, {  "id": "1782035958597931",   "label": "4", "properties": { "name": "Raquel Maria de Melo"} }, {  "id": "2078898666368900",   "label": "5", "properties": { "name": "Carlos Renato Xavier Cançado"} }, {  "id": "2230947855110689",   "label": "6", "properties": { "name": "Wânia Cristina de Souza"} }, {  "id": "2384137677957740",   "label": "7", "properties": { "name": "Ricardo José de Moura"} }, {  "id": "2665950726942083",   "label": "8", "properties": { "name": "Mauro Dias Silva Júnior"} }, {  "id": "2954130231499994",   "label": "9", "properties": { "name": "Raquel Moreira Alo"} }, {  "id": "3546907053144539",   "label": "10", "properties": { "name": "João Claudio Todorov"} }, {  "id": "3824108545465872",   "label": "11", "properties": { "name": "Gerson Américo Janczura"} }, {  "id": "4007163045058892",   "label": "12", "properties": { "name": "Eileen Pfeiffer Flores"} }, {  "id": "4277883072351649",   "label": "13", "properties": { "name": "Maria Angela Guimarães Feitosa"} }, {  "id": "6210077671405608",   "label": "14", "properties": { "name": "Laercia Abreu Vasconcelos"} }, {  "id": "6577338584031776",   "label": "15", "properties": { "name": "Josele Regina de Oliveira Abreu Rodrigues"} }, {  "id": "7396049661058589",   "label": "16", "properties": { "name": "Francisco Dyonísio Cardoso Mendes"} }, {  "id": "7437736472703307",   "label": "17", "properties": { "name": "Goiara Mendonça de Castilho"} }, {  "id": "7476715274460549",   "label": "18", "properties": { "name": "Antonio Pedro de Mello Cruz"} }, {  "id": "8164601619932565",   "label": "19", "properties": { "name": "José Eduardo Pandossio"} }, {  "id": "8784162002608095",   "label": "20", "properties": { "name": "Luciano Grudtner Buratto"} } ], "links": [  { "source": "0517271370281077",   "target": "2230947855110689", "weigth": "1" }, { "source": "0517271370281077",   "target": "7437736472703307", "weigth": "1" }, { "source": "0556918650312258",   "target": "4007163045058892", "weigth": "1" }, { "source": "0612547523125517",   "target": "1782035958597931", "weigth": "2" }, { "source": "0612547523125517",   "target": "3546907053144539", "weigth": "2" }, { "source": "0612547523125517",   "target": "6210077671405608", "weigth": "1" }, { "source": "0612547523125517",   "target": "7437736472703307", "weigth": "1" }, { "source": "2078898666368900",   "target": "2954130231499994", "weigth": "6" }, { "source": "2078898666368900",   "target": "6577338584031776", "weigth": "2" }, { "source": "2230947855110689",   "target": "4277883072351649", "weigth": "2" }, { "source": "2230947855110689",   "target": "7437736472703307", "weigth": "1" }, { "source": "2230947855110689",   "target": "7476715274460549", "weigth": "1" }, { "source": "2954130231499994",   "target": "6577338584031776", "weigth": "1" }, { "source": "3546907053144539",   "target": "6210077671405608", "weigth": "2" }, { "source": "3824108545465872",   "target": "7437736472703307", "weigth": "4" } ] }