{ "label": "FiocruzNetwork", "nodes": [   {  "id": "1268835752497544",   "label": "1", "properties": { "name": "Michelangelo Giotto Santoro Trigueiro"} }, {  "id": "1449325387951939",   "label": "2", "properties": { "name": "Christiane Girard Ferreira Nunes"} }, {  "id": "2238409567061694",   "label": "3", "properties": { "name": "Marcelo Medeiros"} }, {  "id": "2262250933846288",   "label": "4", "properties": { "name": "Sayonara de Amorim Goncalves Leal"} }, {  "id": "3618441470885782",   "label": "5", "properties": { "name": "Marcelo Carvalho Rosa"} }, {  "id": "3828434769390611",   "label": "6", "properties": { "name": "Ana Cristina Murta Collares"} }, {  "id": "3979953030832641",   "label": "7", "properties": { "name": "Sadi Dal Rosso"} }, {  "id": "4326654590597445",   "label": "8", "properties": { "name": "Fernanda Antonia da Fonseca Sobral"} }, {  "id": "4477727062911858",   "label": "9", "properties": { "name": "Eduardo Dimitrov"} }, {  "id": "5133094505256088",   "label": "10", "properties": { "name": "Carlos Benedito de Campos Martins"} }, {  "id": "5176634535321377",   "label": "11", "properties": { "name": "Tiago Ribeiro Duarte"} }, {  "id": "5442207538362236",   "label": "12", "properties": { "name": "Sergio Barreira de Faria Tavolaro"} }, {  "id": "5812207127672055",   "label": "13", "properties": { "name": "Fabrício Monteiro Neves"} }, {  "id": "5972548202499046",   "label": "14", "properties": { "name": "Tânia Mara Campos de Almeida"} }, {  "id": "6351473341056488",   "label": "15", "properties": { "name": "Mariza Veloso Motta Santos"} }, {  "id": "6889569648252727",   "label": "16", "properties": { "name": "Haydée Glória Cruz Caruso"} }, {  "id": "7092372933459898",   "label": "17", "properties": { "name": "Maria Stela Grossi Porto"} }, {  "id": "7269828463658824",   "label": "18", "properties": { "name": "Luis Augusto Sarmento Cavalcanti de Gusmao"} }, {  "id": "8296375817062543",   "label": "19", "properties": { "name": "Edson Silva de Farias"} }, {  "id": "8850071573733513",   "label": "20", "properties": { "name": "Maria Francisca Pinheiro Coelho"} }, {  "id": "8855304289295989",   "label": "21", "properties": { "name": "Analia Laura Soria Batista"} }, {  "id": "8916758148784815",   "label": "22", "properties": { "name": "Débora Messenberg Guimarães"} }, {  "id": "9058232160701682",   "label": "23", "properties": { "name": "Lourdes Maria Bandeira"} }, {  "id": "9342239614420799",   "label": "24", "properties": { "name": "Maria Angelica Brasil Goncalves Madeira"} }, {  "id": "9418967460521170",   "label": "25", "properties": { "name": "Stefan Fornos Klein"} }, {  "id": "9455103902642220",   "label": "26", "properties": { "name": "Joaze Bernardino Costa"} }, {  "id": "9534520176831048",   "label": "27", "properties": { "name": "Arthur Trindade Maranhão Costa"} } ], "links": [  { "source": "3979953030832641",   "target": "5133094505256088", "weigth": "1" }, { "source": "7092372933459898",   "target": "9534520176831048", "weigth": "1" }, { "source": "8850071573733513",   "target": "9058232160701682", "weigth": "1" }, { "source": "8855304289295989",   "target": "9058232160701682", "weigth": "1" } ] }